,deltaI,deltaR
Decision Tree spec points,-0.012035666666666667,0.077478
Random Forest spec points,-0.07954122333333333,0.2216459733333333
AdaBoost spec points,-0.1658,0.2938071428571428
Gradient Boosting spec points,-0.19836890207341246,0.28887093823895416
Independent Random Forests spec points,-0.17576296666666671,0.24302686206349208
