,deltaI,deltaR
Decision Tree spec points,-0.0239315,0.00321695
Random Forest spec points,-0.06790829666666666,0.15594887333333332
AdaBoost spec points,-0.1658,0.24326499999999998
Gradient Boosting spec points,-0.19684899166082345,0.25723243394202594
Independent Random Forests spec points,-0.17443315555555558,0.18298365873015873
