,deltaI score,deltaR score
Decision Tree spec points,0.9971934113332558,0.9942241955134808
Random Forest spec points,0.9996632322424165,0.9989700022984153
AdaBoost spec points,0.9998555711412401,0.9992739936963813
Gradient Boosting spec points,0.99800905367344,0.9966885570571924
Independent Random Forests spec points,0.9999021129555613,0.9995097914502502
